1972/01,1972,1,18907,11902,414,2963,542,367,951,,,,,,,2047,388,907,674
1972/02,1972,2,21182,13929,313,3292,342,675,1240,,,,,,,1950,418,1003,695
1972/03,1972,3,31117,20011,415,5437,572,764,2338,,,,,,,2939,924,1333,982
1972/04,1972,4,42646,28518,630,6709,457,995,2928,,,,,,,3355,1079,1659,1775
1972/05,1972,5,80735,57660,1223,11394,728,2168,4851,,,,,,,4922,1661,2628,2908
1972/06,1972,6,116330,87691,1858,13494,1003,2263,4886,,,,,,,6325,1597,3011,3951
1972/07,1972,7,169687,130596,2136,16653,1433,2711,7728,,,,,,,11122,3095,4958,4222
1972/08,1972,8,151084,105956,2155,21263,2392,2603,10522,,,,,,,13084,3656,4412,4214
1972/09,1972,9,106516,69176,1979,17247,2328,3613,6629,,,,,,,10077,2034,4289,3748
1972/10,1972,10,75873,51101,1252,11571,712,2331,5570,,,,,,,6194,1363,3157,2598
1972/11,1972,11,41945,27183,821,6385,461,873,3008,,,,,,,3775,851,2067,1714
1972/12,1972,12,46166,31631,1018,5153,1051,492,1787,,,,,,,4689,979,1804,1871
1973/01,1973,1,27273,16641,550,4163,746,309,1847,,,,,,,2502,597,1604,1813
1973/02,1973,2,27818,18434,564,4013,336,344,2206,,,,,,,2267,557,1426,1114
1973/03,1973,3,36960,24615,714,5062,372,527,2501,,,,,,,3262,905,1883,1424
1973/04,1973,4,64600,45238,1522,7437,661,782,3793,,,,,,,5297,1644,2197,2909
1973/05,1973,5,91698,66073,1724,11113,869,1567,5496,,,,,,,6239,2388,2811,3738
1973/06,1973,6,140282,106796,2626,15187,1146,1869,7692,,,,,,,7179,2059,3376,5118
1973/07,1973,7,212089,163738,3373,18622,1814,1849,9820,,,,,,,14975,4148,5991,5390
1973/08,1973,8,179051,125769,2899,24835,3399,1750,13576,,,,,,,15188,3862,4755,5605
1973/09,1973,9,123748,85199,2281,16993,1960,1588,8792,,,,,,,10694,2426,3829,4752
1973/10,1973,10,90865,63365,1548,13096,690,1540,7918,,,,,,,5732,1771,2979,4145
1973/11,1973,11,52608,34604,872,8730,594,900,4885,,,,,,,3926,941,2146,2330
1973/12,1973,12,57852,39222,1309,6730,1239,763,2569,,,,,,,5542,1219,2187,2862
1974/01,1974,1,33233,20270,824,5040,711,420,2374,,,,,,,3043,676,2018,2038
1974/02,1974,2,30070,18622,676,4555,466,381,2377,,,,,,,2766,658,1740,1711
1974/03,1974,3,45339,29534,869,6777,677,633,3293,,,,,,,4103,1070,2044,2012
1974/04,1974,4,68636,46403,1323,9441,707,1097,4872,,,,,,,5097,1719,2602,3770
1974/05,1974,5,101613,69384,2083,13319,1148,1878,6083,,,,,,,8294,3030,3458,5075
1974/06,1974,6,158022,114940,3206,18855,1553,2635,7927,,,,,,,9291,2775,4260,7470
1974/07,1974,7,224225,167828,3602,22186,2233,2568,9775,,,,,,,17080,4821,6330,7199
1974/08,1974,8,202349,134543,4458,31315,4695,2362,15211,,,,,,,18921,4661,5253,7859
1974/09,1974,9,143677,97283,3416,21046,1980,2310,9798,,,,,,,11317,2687,4772,5843
1974/10,1974,10,96773,63067,2126,16335,819,1912,8686,,,,,,,6906,2035,3892,4447
1974/11,1974,11,52812,32644,1051,9517,723,1059,4412,,,,,,,4590,1286,2647,2363
1974/12,1974,12,62507,40861,1714,8244,1659,836,2735,,,,,,,6005,1552,2654,3029
1975/01,1975,1,38558,23320,960,5879,904,587,2234,,,,,,,3588,854,2486,2325
1975/02,1975,2,34985,22611,731,5140,516,553,2260,,,,,,,2793,728,2057,1653
1975/03,1975,3,56185,37443,1091,8776,876,698,4014,,,,,,,4635,1681,2139,2101
1975/04,1975,4,62220,38857,1974,9965,823,958,5352,,,,,,,5024,1422,2618,3782
1975/05,1975,5,117958,79101,2243,16972,1293,2745,7636,,,,,,,9695,4049,4195,5752
1975/06,1975,6,185232,136570,3183,22227,1809,2872,10603,,,,,,,10445,3286,5268,7539
1975/07,1975,7,239274,171764,3913,28778,3041,3113,13491,,,,,,,20975,6918,6746,7098
1975/08,1975,8,229423,142582,4182,44405,5753,4067,21574,,,,,,,22751,6839,7132,8371
1975/09,1975,9,139435,92616,3280,21118,2222,2286,9328,,,,,,,12280,3309,4452,5689
1975/10,1975,10,102874,69157,2019,16204,997,2106,7971,,,,,,,7102,2371,3553,4839
1975/11,1975,11,53392,33496,1121,8758,826,1096,3543,,,,,,,4690,1249,2695,2632
1975/12,1975,12,68020,44805,1499,8217,1718,942,2405,,,,,,,6743,2090,3029,3727
1976/01,1976,1,39561,23182,983,6143,844,562,2370,,,,,,,3824,973,2595,2834
1976/02,1976,2,35920,22082,868,6051,688,656,2429,,,,,,,3123,734,2264,1532
1976/03,1976,3,50609,32567,1141,8395,835,742,3902,,,,,,,3851,1016,2186,2469
1976/04,1976,4,76863,49522,1813,10684,1161,1375,4592,,,,,,,7485,2553,3359,4000
1976/05,1976,5,131831,87071,2793,19988,1836,3616,7913,,,,,,,10023,4783,4963,6993
1976/06,1976,6,209780,151121,3948,27489,2008,4697,11475,,,,,,,10850,3952,5776,10596
1976/07,1976,7,365382,252251,7869,47032,4182,6235,20623,,,,,,,32186,9424,11782,14262
1976/08,1976,8,264981,166203,5200,49762,5654,5141,25946,,,,,,,23813,6290,9397,10606
1976/09,1976,9,172060,115567,3590,27399,2391,4016,12349,,,,,,,12227,2565,5753,7524
1976/10,1976,10,106968,71697,2151,17669,1167,2309,8245,,,,,,,6469,1722,3858,5124
1976/11,1976,11,53502,32278,1442,10060,788,1181,4209,,,,,,,4497,926,2654,2571
1976/12,1976,12,69873,45770,2035,8914,1511,890,2730,,,,,,,6235,1035,3021,3898
1977/01,1977,1,39676,23000,1329,6429,897,579,2291,,,,,,,3480,686,2182,3256
1977/02,1977,2,34161,20524,818,5859,707,421,2797,,,,,,,2994,704,2054,1912
1977/03,1977,3,51481,33434,1310,8178,734,714,3981,,,,,,,4117,965,2198,2244
1977/04,1977,4,75247,47573,2189,11716,931,1063,5597,,,,,,,6517,1544,3469,3783
1977/05,1977,5,126154,85845,2945,17171,1589,2365,6876,,,,,,,7653,2685,5298,7242
1977/06,1977,6,202633,148491,4086,26364,1904,2986,11556,,,,,,,9475,2616,5484,8733
1977/07,1977,7,269022,184194,5917,35963,3765,3752,14400,,,,,,,23978,6120,8693,10277
1977/08,1977,8,236031,146418,5229,45766,5133,3462,23010,,,,,,,19171,4010,9508,9939
1977/09,1977,9,162143,106461,3799,25757,2532,2876,11027,,,,,,,12022,2309,6655,7449
1977/10,1977,10,105043,69606,2202,17153,1013,1867,9005,,,,,,,6627,1740,4912,4543
1977/11,1977,11,54514,33868,1351,10005,774,920,4518,,,,,,,4248,926,2479,2563
1977/12,1977,12,68579,44731,1960,7913,1225,737,2474,,,,,,,6798,1585,3271,3906
1978/01,1978,1,40238,23744,1266,6253,810,440,2403,,,,,,,3587,831,2469,2919
1978/02,1978,2,36236,21723,897,6841,709,458,3520,,,,,,,2846,744,1984,1945
1978/03,1978,3,58619,37012,1313,9791,832,825,4782,,,,,,,5247,1537,2782,2474
1978/04,1978,4,78090,49207,1757,13584,852,1135,6786,,,,,,,5828,1469,3551,4163
1978/05,1978,5,145708,101146,2774,21223,1483,3148,8477,,,,,,,8309,3272,4746,7510
1978/06,1978,6,231244,165560,4618,32484,2010,3539,14992,,,,,,,11516,3350,5872,11194
1978/07,1978,7,327948,222400,6445,46997,3700,5148,19454,,,,,,,27608,7979,10056,14442
1978/08,1978,8,296917,182899,5570,59641,4654,5001,31279,,,,,,,23666,6336,12676,12465
1978/09,1978,9,195183,126186,4581,33657,2480,3710,15494,,,,,,,14084,3487,7405,9270
1978/10,1978,10,120152,77276,2469,22314,936,2511,10836,,,,,,,7592,2435,4806,5695
1978/11,1978,11,64649,38971,1751,13321,673,1294,6215,,,,,,,4956,1070,2904,2746
1978/12,1978,12,78679,49711,2422,10632,1291,1032,3589,,,,,,,7787,2195,3850,4277
1979/01,1979,1,42811,24717,1241,7431,946,558,2823,,,,,,,3612,742,2582,3228
1979/02,1979,2,41311,24240,902,8402,789,511,4198,,,,,,,3546,778,2359,1862
1979/03,1979,3,61410,36693,1403,12681,883,904,6951,,,,,,,4682,1294,2832,3119
1979/04,1979,4,106922,67746,2070,16859,1119,1540,7481,,,,,,,8701,3260,4298,7248
1979/05,1979,5,182173,124022,3088,30115,1658,4171,13652,,,,,,,9113,2894,6009,9826
1979/06,1979,6,283223,193442,5217,47277,2146,5563,23243,,,,,,,15624,5037,9012,12651
1979/07,1979,7,398975,281494,6612,54476,4121,5875,21807,,,,,,,30525,9528,12693,13175
1979/08,1979,8,361134,230433,6637,69163,5589,6100,33316,,,,,,,28655,6846,14396,11850
1979/09,1979,9,237568,155156,4835,40907,2760,5396,18441,,,,,,,16183,4235,9894,10593
1979/10,1979,10,137701,86061,2540,27433,1126,3264,14313,,,,,,,8820,2673,5685,7162
1979/11,1979,11,71202,39971,1532,16469,854,1614,8113,,,,,,,5658,1316,3871,3701
1979/12,1979,12,86202,51620,2646,13353,1842,1204,4244,,,,,,,9064,2240,4828,4691
1980/01,1980,1,49248,27216,1341,9427,1306,720,3431,,,,,,,4396,1004,3352,3516
1980/02,1980,2,57984,35436,1187,11077,1280,1056,5403,,,,,,,4122,952,3404,2758
1980/03,1980,3,73684,42254,1718,13986,1060,1242,6825,,,,,,,7541,3260,3598,4587
1980/04,1980,4,107049,63231,2228,21521,1255,2342,10126,,,,,,,8675,2835,4864,6530
1980/05,1980,5,205824,137444,3615,35730,1852,6534,15143,,,,,,,11541,4088,6981,10513
1980/06,1980,6,298136,200394,6176,52300,2960,7097,23131,,,,,,,17535,5934,9617,12114
1980/07,1980,7,413503,279175,7853,60595,5772,8110,21955,,,,,,,37179,14759,15421,13280
1980/08,1980,8,397439,246796,7671,77121,7952,8592,33416,,,,,,,36155,11206,18741,10955
1980/09,1980,9,244382,158663,5503,42887,2788,5473,18927,,,,,,,17517,4821,10308,9504
1980/10,1980,10,139814,86355,3066,26771,1322,3514,11918,,,,,,,10050,3552,6154,7418
1980/11,1980,11,78911,44523,1877,17190,1016,2274,7041,,,,,,,7181,2176,4132,4008
1980/12,1980,12,97039,56365,3124,16224,2276,1593,4937,,,,,,,11154,3730,5335,4837
1981/01,1981,1,56615,30891,1756,11441,2004,1144,4002,,,,,,,4930,1359,4337,3260
1981/02,1981,2,53091,29413,1196,11564,1519,1199,4944,,,,,,,4363,1409,3835,2720
1981/03,1981,3,71836,41403,1713,14250,1086,1550,6477,,,,,,,5710,2042,3858,4902
1981/04,1981,4,119900,72334,2726,20626,1836,2292,8000,,,,,,,11902,5700,5590,6722
1981/05,1981,5,210212,138691,4292,37044,2381,6790,13775,,,,,,,12139,5064,7948,10098
1981/06,1981,6,297174,200764,6067,54901,2889,8311,21263,,,,,,,15876,5651,8528,11038
1981/07,1981,7,416989,277240,8200,65239,6623,9040,21211,,,,,,,39159,17401,15070,12081
1981/08,1981,8,371026,229598,8312,71507,9516,7942,27257,,,,,,,35415,14355,15212,10982
1981/09,1981,9,233388,149315,6048,41963,3512,6305,15583,,,,,,,18367,6150,8547,9148
1981/10,1981,10,139754,83547,3319,28631,1519,3503,12345,,,,,,,10944,4183,6362,6951
1981/11,1981,11,79063,43953,2131,17404,1299,1380,7367,,,,,,,7245,2080,4109,4221
1981/12,1981,12,95684,53502,3331,16924,2740,1071,4237,,,,,,,11880,3789,5005,5042
1982/01,1982,1,57728,30762,2502,11192,2491,711,3574,,,,,,,5801,2029,3586,3885
1982/02,1982,2,47278,27327,1113,9558,1300,460,4412,,,,,,,3857,1191,2560,2863
1982/03,1982,3,69517,41456,1779,13418,1305,699,5849,,,,,,,5602,1730,3075,4187
1982/04,1982,4,109624,66248,3067,19890,1939,1241,7824,,,,,,,9918,3293,4715,5786
1982/05,1982,5,195100,130839,4241,32362,2291,3396,12112,,,,,,,10505,3109,6734,10419
1982/06,1982,6,268119,180853,5940,45576,3258,3896,17718,,,,,,,15296,4682,8043,12411
1982/07,1982,7,376203,244518,7880,61547,7173,4588,22593,,,,,,,35912,12289,14101,12245
1982/08,1982,8,353495,208699,9006,72933,10013,4750,29538,,,,,,,34019,9652,17195,11643
1982/09,1982,9,223034,141858,6015,39170,3707,3658,14963,,,,,,,15646,2736,10100,10245
1982/10,1982,10,126330,75059,3352,27001,1860,2107,11640,,,,,,,8062,1641,6345,6511
1982/11,1982,11,64421,37682,1721,13465,1235,1084,5323,,,,,,,5119,827,3020,3414
1982/12,1982,12,83812,46453,4010,15328,2987,740,3901,,,,,,,8429,1231,4848,4744
1983/01,1983,1,50374,27432,1931,9808,1815,594,2313,,,,,,,4317,775,3353,3533
1983/02,1983,2,49764,27452,1422,11297,2301,553,4338,,,,,,,4150,980,2818,2625
1983/03,1983,3,71751,42063,1781,14266,1618,750,5642,,,,,,,6303,1490,3495,3843
1983/04,1983,4,96485,58692,2960,19095,1894,1500,7306,,,,,,,6588,1213,3915,5235
1983/05,1983,5,157999,98430,3607,33839,3000,3682,12180,,,,,,,8780,1798,4900,8443
1983/06,1983,6,249045,152980,7463,54412,4336,4835,20371,,,,,,,14341,3149,7905,11944
1983/07,1983,7,325757,199703,8874,65903,8552,5082,21595,,,,,,,29849,5938,10653,10775
1983/08,1983,8,298387,176053,8179,71079,10448,4730,27563,,,,,,,24111,4804,9106,9859
1983/09,1983,9,195862,118360,6144,41274,4299,3321,15471,,,,,,,14345,2702,6637,9102
1983/10,1983,10,117113,66682,3052,27339,2586,2539,11614,,,,,,,8336,2074,4843,6861
1983/11,1983,11,70529,39651,1782,16190,2034,1305,5284,,,,,,,5795,1283,3076,4035
1983/12,1983,12,92673,52659,3408,17894,3488,1058,4139,,,,,,,8928,1535,4396,5388
1984/01,1984,1,56837,31440,1906,11941,2372,725,3668,,,,,,,5045,1064,2943,3562
1984/02,1984,2,54969,30268,1157,13058,2499,759,5005,,,,,,,4306,974,3082,3098
1984/03,1984,3,69082,39023,1723,15464,1787,973,6466,,,,,,,5464,1340,2937,4471
1984/04,1984,4,111892,63536,2767,25618,3064,1735,9202,,,,,,,9432,2755,3755,6784
1984/05,1984,5,165462,101136,3836,37948,3256,4496,13941,,,,,,,9116,2241,4463,8963
1984/06,1984,6,255879,154961,6201,59278,5119,6486,22145,,,,,,,14842,4116,7123,13474
1984/07,1984,7,338371,206090,8795,69414,9361,5670,24183,,,,,,,30758,9540,9591,13723
1984/08,1984,8,329572,190970,8425,81157,11560,5487,33930,,,,,,,27715,6961,8266,13039
1984/09,1984,9,205041,122563,5640,44933,5025,3685,17971,,,,,,,15336,3537,5916,10653
1984/10,1984,10,121855,68323,2973,29617,2564,2645,12911,,,,,,,8777,2727,4236,7929
1984/11,1984,11,82051,46284,1967,19113,1922,1351,7384,,,,,,,6088,1507,3311,5288
1984/12,1984,12,96211,55712,2952,19202,3034,1131,5440,,,,,,,8989,2055,3424,5932
1985/01,1985,1,56721,31464,1748,11813,1916,668,4026,,,,,,,4444,1060,2843,4409
1985/02,1985,2,54513,30736,1210,12879,2548,657,5105,,,,,,,3938,953,2494,3256
1985/03,1985,3,77311,44336,1629,18401,1845,1017,7617,,,,,,,5419,1910,3006,4520
1985/04,1985,4,104843,58599,2295,25192,2266,1857,10662,,,,,,,7955,2721,3716,7086
1985/05,1985,5,176363,103964,3632,43557,3115,5222,17512,,,,,,,10268,2941,5347,9595
1985/06,1985,6,241429,140817,5436,57037,4036,5635,23596,,,,,,,16834,5313,7631,13674
1985/07,1985,7,306651,181447,6849,63798,7166,5171,24398,,,,,,,32050,11207,9931,12576
1985/08,1985,8,306099,169655,6930,78554,9373,5670,35539,,,,,,,29350,7861,8878,12732
1985/09,1985,9,191125,112443,4713,43214,4031,3625,19203,,,,,,,14722,3378,6085,9948
1985/10,1985,10,120577,68814,2665,29774,2442,2366,13842,,,,,,,7967,2071,4002,7355
1985/11,1985,11,78876,44182,1944,18852,1801,1523,7603,,,,,,,6074,1251,2966,4858
1985/12,1985,12,93530,55731,2784,17521,2733,1142,5400,,,,,,,7831,1470,2906,6757
1986/01,1986,1,60462,33991,1676,12885,2157,702,4115,,,,,,,4188,885,2754,4968
1986/02,1986,2,57716,33315,1132,13958,3058,685,5498,,,,,,,3789,910,2417,3105
1986/03,1986,3,87579,51285,1768,19956,2338,1082,9299,,,,,,,6199,1979,3093,5278
1986/04,1986,4,109771,62469,2162,25648,2300,1631,11320,,,,,,,7679,2119,3794,8019
1986/05,1986,5,209620,126099,3808,51619,4575,5979,20036,,,,,,,10561,3045,5661,11872
1986/06,1986,6,296123,171983,6148,77715,7059,6896,31480,,,,,,,15715,4751,8341,16221
1986/07,1986,7,405849,239266,7371,94905,13122,7680,34050,,,,,,,33631,12127,12708,17968
1986/08,1986,8,408821,225952,7713,116396,14974,9374,51752,,,,,,,29873,9472,11548,17339
1986/09,1986,9,257138,149794,5138,64104,5775,4539,30039,,,,,,,16815,5328,8525,12762
1986/10,1986,10,158102,91597,2788,39624,3349,3474,18149,,,,,,,9694,2838,5490,8909
1986/11,1986,11,93083,52110,2017,23667,2376,2405,10592,,,,,,,6907,1919,3150,5232
1986/12,1986,12,115563,66949,3009,23757,3462,1752,8855,,,,,,,10285,2506,4501,7062
1987/01,1987,1,74726,41708,1801,17194,3544,1236,6311,,,,,,,5408,1441,3630,4985
1987/02,1987,2,70381,39440,1246,17632,2918,744,8201,,,,,,,4811,1511,3265,3987
1987/03,1987,3,98346,55620,1642,25558,2456,1509,13184,,,,,,,6262,1781,3646,5618
1987/04,1987,4,142621,84404,2270,32873,3795,2579,15138,,,,,,,10517,3617,5183,7374
1987/05,1987,5,247380,151789,3730,58893,4845,7357,25379,,,,,,,11963,4059,7997,13008
1987/06,1987,6,336417,202771,5071,83547,6087,7741,41686,,,,,,,17846,6139,10165,17017
1987/07,1987,7,465313,284717,6665,106640,11003,9094,46735,,,,,,,35913,13406,12952,18426
1987/08,1987,8,473174,273228,7467,131255,13146,8726,70989,,,,,,,31281,10426,10866,19077
1987/09,1987,9,306367,188146,4573,70400,6579,5711,35517,,,,,,,18361,6109,9160,15727
1987/10,1987,10,189424,110872,3262,46636,4271,3924,24066,,,,,,,11017,3125,5865,11772
1987/11,1987,11,111804,61601,2022,28903,3161,2691,13562,,,,,,,7530,2284,4258,7490
1987/12,1987,12,126683,69940,2977,28779,4889,1719,10919,,,,,,,10568,2529,5274,9145
1988/01,1988,1,85841,46467,1938,20483,3013,1396,8587,,,,,,,5840,1603,4815,6298
1988/02,1988,2,101838,56252,1391,28134,7039,1031,12764,,,,,,,5941,1829,4454,5666
1988/03,1988,3,134562,72499,1925,37979,4130,1755,21400,,,,,,,10012,3138,5539,6608
1988/04,1988,4,172073,95758,2494,47504,4220,3559,24934,,,,,,,11317,3375,6042,8958
1988/05,1988,5,289973,177176,3557,73095,6267,8208,34225,,,,,,,13148,4215,8853,14144
1988/06,1988,6,365385,220126,5538,88924,7776,8428,44831,,,,,,,21970,7814,10590,18237
1988/07,1988,7,538011,320101,7961,127655,14787,11420,56117,,,,,,,46395,16146,15783,20116
1988/08,1988,8,513775,288140,7362,150476,15541,10207,79732,,,,,,,35024,11523,13545,19228
1988/09,1988,9,369596,214198,5269,97359,8149,8448,50110,,,,,,,23928,6667,12358,16484
1988/10,1988,10,224811,123535,3358,63606,5450,5460,32901,,,,,,,15036,3309,8417,10859
1988/11,1988,11,144805,71415,2587,44448,4412,3863,21515,,,,,,,13306,2761,5985,7064
1988/12,1988,12,165190,85084,3716,43928,7001,2964,17476,,,,,,,14094,3346,7331,11037
1989/01,1989,1,115544,56325,2279,34022,5426,1930,14794,,,,,,,7120,2529,6886,8912
1989/02,1989,2,108493,51493,1548,39125,10630,1246,17665,,,,,,,5928,2113,4716,5683
1989/03,1989,3,154122,78544,2107,50234,6403,2521,27299,,,,,,,10213,3826,5378,7646
1989/04,1989,4,177710,94134,2506,55143,5565,3234,27984,,,,,,,9827,3190,5932,10168
1989/05,1989,5,306270,173316,3793,90183,8482,8522,43712,,,,,,,14886,5989,9205,14887
1989/06,1989,6,390764,220947,6430,108924,10182,8773,55123,,,,,,,21127,7686,11940,21396
1989/07,1989,7,545543,319917,7882,139575,19640,10394,60639,,,,,,,39162,13653,15406,23601
1989/08,1989,8,528775,291910,7720,154896,21750,8827,79711,,,,,,,39408,15260,12549,22292
1989/09,1989,9,390545,224291,5349,106103,11195,6947,55780,,,,,,,20908,7731,11952,21942
1989/10,1989,10,236816,130037,3256,71654,8602,4860,34886,,,,,,,11308,4169,8500,12061
1989/11,1989,11,150460,74455,2249,51009,6564,3547,24700,,,,,,,9182,3072,5836,7729
1989/12,1989,12,171796,89415,3342,47620,8641,2275,20406,,,,,,,12706,3565,7278,11435
1990/01,1990,1,122121,56196,2209,43397,11732,1697,18174,1015,378,805,725,1731,64,5976,2104,6159,8184
1990/02,1990,2,115706,57577,1565,38956,7353,1147,20143,1021,248,959,703,1551,66,6168,2126,5565,5875
1990/03,1990,3,148299,71967,2119,51733,6331,2021,27907,1757,416,1367,1192,1731,42,8717,2962,6418,7345
1990/04,1990,4,198495,100959,2677,64402,9094,3259,31160,1841,605,2717,1626,2321,95,12751,5514,7307,10399
1990/05,1990,5,300288,165156,4674,92115,8919,6793,45577,2583,880,3456,2552,4112,95,13999,5433,9030,15314
1990/06,1990,6,396470,226294,6863,110617,12366,7686,53972,3088,1330,2612,3296,4546,105,21331,8365,11197,20168
1990/07,1990,7,529681,306073,7997,136865,20503,8376,59484,3876,1745,2536,1558,8562,125,37811,16079,15199,25736
1990/08,1990,8,524011,294686,7710,152588,21750,7257,78418,4004,1470,2445,1785,6728,49,33016,10704,12398,23613
1990/09,1990,9,375506,214651,5613,104487,10145,7576,57072,3223,1200,2190,1568,3655,59,19462,7145,12851,18442
1990/10,1990,10,231850,123949,3718,71614,7928,4586,36729,2232,731,1497,1417,2429,67,11519,4384,9279,11771
1990/11,1990,11,139614,67698,2444,47403,5465,2243,23464,1724,586,1257,1239,1567,22,8398,2632,6200,7471
1990/12,1990,12,174350,94119,3430,47885,8023,1980,22032,1786,362,1124,2134,2107,23,10471,3544,7110,11335
1991/01,1991,1,118391,55603,2224,41629,4697,1506,22725,1292,486,931,699,1312,21,5687,2135,5652,7596
1991/02,1991,2,118793,59261,1520,40927,10860,1183,17660,1271,272,872,616,2232,29,5333,2096,5648,6104
1991/03,1991,3,156783,80267,2091,50829,7403,2496,25121,1930,520,1459,739,2076,73,9825,4175,6546,7225
1991/04,1991,4,181784,95877,2406,57264,6137,3063,29178,1762,601,2536,1111,2283,66,10393,4114,7293,8551
1991/05,1991,5,296260,172479,3844,81490,8805,5694,38355,3164,665,2893,2018,3608,63,14864,6232,9630,13953
1991/06,1991,6,388121,218319,6065,113705,13689,6348,56771,3414,1104,2434,4043,4929,55,20315,8408,11977,17740
1991/07,1991,7,531861,308791,7415,145734,20861,7553,67596,3582,1340,2431,1959,8435,110,36648,15901,14495,18778
1991/08,1991,8,537940,302767,7649,161424,23489,8448,79448,4439,1688,2711,2380,7581,67,33733,12918,13473,18894
1991/09,1991,9,378597,219983,5073,109143,10627,4913,63729,2965,981,2026,1868,3924,99,17583,6535,10921,15894
1991/10,1991,10,220600,122311,3725,65654,6964,3737,33995,2237,757,1556,1405,2519,64,10465,4104,7789,10656
1991/11,1991,11,133847,64434,2462,46112,5421,2181,21742,2008,614,1186,1509,1740,34,8936,3103,4842,7061
1991/12,1991,12,177552,92681,3527,52269,8151,1958,23988,2221,406,1087,3389,2450,34,11389,4233,6146,11540
1992/01,1992,1,119492,55544,2164,43992,6123,1495,23617,1786,374,853,800,1629,20,6201,2327,4764,6827
1992/02,1992,2,127643,61030,1776,48323,11699,1216,23884,1637,276,957,974,1820,41,6500,2415,3998,6016
1992/03,1992,3,141467,71102,1996,49752,5722,1800,27426,1937,440,1190,1103,2265,70,8186,3006,4179,6252
1992/04,1992,4,185035,98111,2910,56684,7901,2354,27548,1782,521,2192,1601,2114,40,13291,5446,5108,8931
1992/05,1992,5,297281,172939,4544,83063,9200,5171,39445,2864,793,2872,2644,4030,103,14037,5268,7292,15406
1992/06,1992,6,380496,220269,6339,104880,11950,5409,50715,3412,966,2000,4380,5486,70,19936,8492,10184,18888
1992/07,1992,7,553371,326674,7451,147580,22031,7354,67958,4278,1584,2341,1657,8131,124,38305,16429,12733,20628
1992/08,1992,8,538738,315263,7442,155053,20709,7318,81963,4380,1496,2263,1789,7218,68,29525,11611,11442,20013
1992/09,1992,9,400767,234103,5225,114744,10031,5359,68978,3414,1226,2405,1706,4060,74,19530,7944,9802,17363
1992/10,1992,10,234524,132719,3428,69908,7662,3590,35466,2495,1177,1580,1295,2629,82,11761,4457,6188,10520
1992/11,1992,11,141892,69226,2858,50453,5431,2546,23946,2170,654,988,1323,1864,80,8795,3335,4139,6421
1992/12,1992,12,182773,97414,3736,53682,7939,2182,24877,1975,480,1020,2648,2319,40,12046,4791,5527,10368
1993/01,1993,1,127650,59868,2277,46525,11133,1694,20788,1432,378,617,711,2294,54,7264,2868,4391,7325
1993/02,1993,2,119381,63127,1481,40621,4874,1036,24909,1243,242,656,728,1491,33,6160,2533,3245,4747
1993/03,1993,3,145793,77825,1948,49528,5363,1626,26270,2175,433,1238,933,2548,81,7648,3323,3355,5489
1993/04,1993,4,186479,102737,2592,56047,8321,2517,26161,1999,535,2332,1303,2719,86,12639,5578,4601,7863
1993/05,1993,5,316667,188435,4605,85911,8682,4445,44329,3139,753,2780,2106,4115,150,17151,8079,7257,13308
1993/06,1993,6,402499,239800,6434,108393,13432,4919,50967,4237,1069,2073,3654,6149,118,19966,8419,10181,17725
1993/07,1993,7,589017,359209,8033,144220,20934,6695,66134,4077,1790,2467,1857,10033,125,43700,19316,14331,19524
1993/08,1993,8,572613,345747,7441,158513,19145,7465,82508,4856,1667,2247,1721,7617,122,30367,12431,12827,17718
1993/09,1993,9,425693,256070,5260,117607,10094,5137,69146,3456,1103,2607,1720,4890,161,19339,8455,11072,16345
1993/10,1993,10,261105,152189,3716,76555,7555,3858,42579,3102,660,1535,1419,2429,112,11892,5154,7204,9549
1993/11,1993,11,138303,68646,2443,47529,5266,2127,22999,2405,477,1109,1382,1784,79,8661,3132,4252,6772
1993/12,1993,12,192521,97620,4156,60465,8346,2286,29022,2459,500,1225,2641,2225,48,13032,5255,6158,11090
1994/01,1994,1,124343,60620,2273,41957,4839,1745,21865,2144,386,651,873,1202,51,7268,3288,4485,7740
1994/02,1994,2,134784,68038,1927,49700,11237,1390,25117,1518,302,642,817,2331,30,6105,2552,3250,5764
1994/03,1994,3,162219,82174,2318,56772,6531,1730,31497,1764,325,1116,840,2828,80,10374,5239,3906,6675
1994/04,1994,4,194870,101742,3116,64677,6742,2873,31354,2266,490,2267,1276,3646,100,11286,4676,4634,9415
1994/05,1994,5,336652,191261,4088,104532,9292,5021,50287,3833,784,3102,2267,6528,131,13686,5679,7903,15182
1994/06,1994,6,465403,265636,6545,138322,16033,6373,62132,5243,1629,2606,4189,8487,180,21201,9073,12236,21463
1994/07,1994,7,646740,375033,8032,177537,23721,6991,75028,5553,1606,2632,2163,14036,179,46623,21591,16580,22935
1994/08,1994,8,593442,346024,8197,173691,20162,6674,82820,4813,1183,2404,1624,10489,141,30475,13455,12461,22594
1994/09,1994,9,486641,283549,5705,143189,11362,5822,76490,4839,896,2512,1887,8954,176,20579,9045,13927,19692
1994/10,1994,10,278079,148905,4016,91798,8646,3463,47437,4006,664,1477,1604,5915,101,13589,5807,8376,11395
1994/11,1994,11,156754,70915,2821,60453,7354,2571,26074,3012,649,1301,2149,3155,115,9677,3835,4877,8011
1994/12,1994,12,212063,102533,3728,72732,10269,2821,33102,2757,691,1328,3927,3795,117,14452,5986,6589,12029
1995/01,1995,1,142868,63803,2516,53936,9160,1987,23841,1640,538,789,956,3169,74,7638,2923,5287,9688
1995/02,1995,2,153289,80339,1753,52411,10397,1559,23651,1620,442,787,1128,3297,71,7636,3008,4129,7021
1995/03,1995,3,186767,92366,2296,68187,6762,3024,36182,2092,635,1331,957,3187,122,8884,3302,5389,9645
1995/04,1995,4,233763,116389,2924,83966,11168,3404,37165,2653,667,2868,1547,4698,121,12393,4687,7516,10575
1995/05,1995,5,378353,200946,4252,131352,12129,6708,59858,5678,1254,3853,3375,9190,195,14098,5283,11151,16554
1995/06,1995,6,522812,288017,6560,170762,20576,6958,72628,6612,1295,3284,5493,16003,194,19852,7574,14725,22896
1995/07,1995,7,721579,400676,8072,224347,33064,9005,86831,7588,1891,4273,2311,21668,279,38330,13121,21989,28165
1995/08,1995,8,693987,385333,7270,225136,29240,9968,101753,6525,1514,3866,2075,17168,151,32584,10361,15871,27793
1995/09,1995,9,553900,313373,5234,176264,15648,5706,96879,5298,1048,3124,2153,13343,265,17841,6766,16017,25171
1995/10,1995,10,344734,171719,3595,132321,12337,5365,67518,5178,825,2008,1697,8750,125,12861,5359,10124,14114
1995/11,1995,11,172174,74064,2420,72669,9602,3625,30629,3718,596,1263,2326,4242,69,9146,2998,5102,8773
1995/12,1995,12,222563,108517,3864,76625,12810,3238,30830,2877,542,1290,4154,4816,102,13127,4317,6779,13651
1996/01,1996,1,142745,66551,2048,53191,5787,1838,23934,2322,519,983,950,3510,71,6044,2620,4990,9921
1996/02,1996,2,173201,83103,1707,67924,14216,2150,27285,2289,718,912,1375,6677,60,8459,2920,4326,7682
1996/03,1996,3,219737,107207,2620,85075,10239,2258,41486,2684,533,1504,1483,7517,137,10844,4746,5297,8694
1996/04,1996,4,259672,120268,3040,103447,13495,3337,44365,3131,661,3362,1675,8326,134,13569,5566,7406,11942
1996/05,1996,5,448037,229314,5209,166568,19073,7353,69669,5714,1236,4997,3977,15932,177,16740,7130,11874,18332
1996/06,1996,6,609604,325403,7726,205935,28239,8746,80546,7213,1660,4653,4919,16999,203,24246,9456,18710,27584
1996/07,1996,7,780863,417212,9046,254371,33421,8996,98523,8134,1745,4342,2534,25709,348,44081,18345,25528,30625
1996/08,1996,8,755978,408724,8545,256161,28764,8566,115886,8903,1597,3774,2238,20862,171,36293,13201,17290,28965
1996/09,1996,9,589147,339008,5522,184594,18100,5721,94308,6705,1104,3522,1877,16101,226,19139,7417,16792,24092
1996/10,1996,10,364363,176173,4615,143325,16520,5234,65136,6304,1003,2687,2630,12137,169,13848,6050,11984,14418
1996/11,1996,11,194135,81365,2917,84024,8861,4625,33073,5448,835,1821,2458,6544,126,10140,4303,6918,8771
1996/12,1996,12,247820,116304,4298,90419,12224,3011,35132,4715,630,1807,4556,5891,132,15345,6178,7758,13696
1997/01,1997,1,173156,75295,2758,68886,7984,3066,28040,3333,522,1468,1751,4591,86,8156,3785,7009,11052
1997/02,1997,2,201117,97093,1828,79769,14994,3299,31226,3524,981,1499,1885,6431,100,8828,3880,5298,8301
1997/03,1997,3,247644,115982,3321,99823,13829,4038,45351,3810,1512,2473,1462,8145,107,12458,6252,5751,10309
1997/04,1997,4,258072,113808,2995,109690,11825,4923,41425,3841,1537,4328,2162,11771,150,12549,5442,7312,11718
1997/05,1997,5,414425,218680,5200,142161,13544,6929,54761,5518,1902,5604,3564,16064,163,16592,7069,11328,20464
1997/06,1997,6,552997,303983,7781,170280,11850,7763,68001,6256,2342,3982,5950,17435,234,24474,10757,17306,29173
1997/07,1997,7,717613,387642,9644,219866,18480,8488,77784,12298,3198,4456,3463,25677,312,47186,22088,23775,29500
1997/08,1997,8,719275,396968,9198,229089,20648,8666,96459,13620,3436,4466,3470,18780,199,37609,16944,18521,27890
1997/09,1997,9,563902,328403,6224,166138,12758,4767,81811,9430,1739,3556,2817,16772,169,21279,9948,16933,24925
1997/10,1997,10,335257,179677,3990,113707,9806,3816,51417,7888,1346,2638,1890,11574,168,13734,5885,8798,15351
1997/11,1997,11,169738,78571,2973,63146,6858,2606,20612,5341,1024,2079,2148,7872,96,10244,4616,5333,9471
1997/12,1997,12,233051,119964,4466,71077,10340,2600,27684,5239,1013,1731,3740,5670,138,16137,6489,6769,14638
1998/01,1998,1,158194,77299,2275,52569,10695,1376,20328,3121,424,770,1167,5514,80,8988,4799,6374,10689
1998/02,1998,2,170296,96195,1969,49457,7258,1562,23603,2358,308,813,695,5403,134,8873,4029,4669,9133
1998/03,1998,3,192870,103167,2899,60292,7435,2247,29396,2775,440,1362,1034,5523,145,11166,5870,5319,10027
1998/04,1998,4,244114,125338,3069,77864,11896,3823,32420,3475,588,2719,1295,8807,151,17924,9969,7438,12481
1998/05,1998,5,387293,218821,5415,112163,14685,6969,46969,5781,868,3759,2735,12349,185,18528,8602,11641,20725
1998/06,1998,6,520995,296022,8159,146845,16740,6479,62790,6797,1370,2920,4753,15543,225,26561,12233,18684,24724
1998/07,1998,7,672847,380984,9168,180987,30743,6642,67655,7148,1689,4038,2702,19658,268,53008,26379,22835,25865
1998/08,1998,8,636408,375988,9238,172203,21009,6302,78563,6873,1344,3224,2302,15426,290,37154,16079,16387,25438
1998/09,1998,9,498814,301692,6315,131897,12034,4670,68199,5525,984,2912,2287,13013,247,22692,11694,14302,21916
1998/10,1998,10,321279,180353,4662,98145,8969,3532,47610,4796,792,1617,1547,11712,116,15002,6887,9169,13948
1998/11,1998,11,166555,80355,3029,56838,6212,2434,21231,3837,613,1384,1581,8756,81,11692,5368,5453,9188
1998/12,1998,12,236872,122374,4732,66757,8841,2247,26115,3618,637,1373,2594,6976,128,18953,7674,8130,15926
1999/01,1999,1,160028,82842,2542,44941,4275,1522,18534,2875,469,725,802,5792,77,9561,4654,7234,12908
1999/02,1999,2,185480,102511,2314,55637,11244,1555,21954,2901,345,929,1109,6779,117,9930,4505,4734,10354
1999/03,1999,3,218504,117514,3548,64750,7471,1920,30420,2804,490,1737,1000,7224,104,16085,9092,5573,11034
1999/04,1999,4,233727,117160,3420,78188,7237,3116,32583,3475,468,3194,1258,13439,88,16525,7731,6287,12147
1999/05,1999,5,397362,222020,6001,117448,12700,5928,46587,6018,925,4848,2991,15168,198,20716,9477,9978,21199
1999/06,1999,6,523132,297861,8582,149396,17158,6905,58929,6237,1299,3261,3905,18972,286,29373,14206,12992,24928
1999/07,1999,7,693359,384064,9670,193628,31214,11487,66167,8060,1393,3171,2524,24238,291,60392,29187,20433,25172
1999/08,1999,8,642268,380622,10273,171589,16997,5348,79112,7855,1324,2856,2716,17391,245,39719,18149,16033,24032
1999/09,1999,9,572141,333127,7159,164921,10534,5164,91664,7355,1008,3699,2247,16700,271,27162,13530,13528,26244
1999/10,1999,10,353958,191852,4639,115627,8613,3770,60366,5605,906,2488,1616,10411,219,18232,8575,9678,13930
1999/11,1999,11,202025,98424,3448,72007,6863,2729,22178,5084,596,1536,1837,15855,217,12833,5495,5043,10270
1999/12,1999,12,243296,128034,5575,70091,8550,2801,21897,4438,659,2015,2746,8608,163,19472,8269,6367,13757
2000/01,2000,1,184992,94754,3137,55240,6978,2123,18399,4015,500,1313,991,6049,91,10830,5554,6711,14320
2000/02,2000,2,205704,119120,2352,58359,9364,2086,20075,3446,393,1236,993,7681,121,10535,5334,4613,10725
2000/03,2000,3,225121,117955,3997,72377,6004,2652,28826,4141,445,2251,1641,9464,177,13710,6575,6484,10598
2000/04,2000,4,307782,159979,4384,97692,9821,4011,34172,5539,612,4201,1979,14597,209,24025,14473,8013,13689
2000/05,2000,5,411478,221471,6187,128362,14199,7523,44895,6088,872,4905,3589,17503,239,21503,10359,10650,23305
2000/06,2000,6,564591,307327,10891,167965,18190,7991,58889,8289,1346,3991,5560,20303,417,33238,14960,17749,27421
2000/07,2000,7,710207,393756,10495,198207,26040,7435,68173,9198,1596,3706,2975,25570,359,61432,33055,19732,26585
2000/08,2000,8,618163,356749,10685,169275,18623,6115,66828,9972,1233,2585,2038,17785,209,41585,19181,15414,24455
2000/09,2000,9,578773,338928,7245,167243,12465,5347,86390,8291,1155,3093,2020,17714,246,26877,13334,13300,25180
2000/10,2000,10,358579,190852,4976,121459,7971,3848,62865,6489,802,2095,1655,11377,219,17679,8026,9501,14112
2000/11,2000,11,204776,99024,3603,72707,5892,3254,25650,6053,553,1404,1784,10858,112,13384,5817,5299,10759
2000/12,2000,12,273526,140282,6069,76993,9592,2777,24933,5744,666,1960,3323,7332,176,23278,10277,7676,19228
2001/01,2001,1,194772,93576,3566,63810,9996,2490,19040,5107,477,1381,1121,7622,77,11052,5655,6979,15789
2001/02,2001,2,201303,113533,2447,57264,5468,2221,22974,4022,572,1481,943,5020,132,11512,5308,5304,11243
2001/03,2001,3,239537,120125,3541,83191,8453,3037,31721,5155,789,2281,1202,11197,128,14731,7215,5965,11984
2001/04,2001,4,289876,144831,4039,93731,9365,4162,33148,5882,907,3674,1625,10850,186,25611,15587,7900,13764
2001/05,2001,5,396226,208959,6264,123324,12091,7992,41913,7086,1322,5236,3637,12255,308,23624,12001,10296,23759
2001/06,2001,6,542552,294762,9612,164744,18637,8660,56923,9350,1391,4284,5418,16021,314,34373,17385,13764,25297
2001/07,2001,7,684734,372667,12406,193591,21076,7169,70139,10600,1784,3665,2407,17767,371,63415,35879,17481,25174
2001/08,2001,8,621806,347370,10233,178818,16734,7625,69879,12539,1922,3609,3325,13812,354,47242,23279,14684,23459
2001/09,2001,9,447297,273654,6107,114219,8809,5015,43948,9623,1066,4494,1964,9560,304,22197,10381,8639,22481
2001/10,2001,10,262865,152096,4154,73817,6032,3611,26841,6189,573,2782,1068,6391,223,16185,6994,5539,11074
2001/11,2001,11,153885,79794,3159,47430,5055,3249,12519,5205,381,2000,1187,3816,174,12032,4889,3785,7685
2001/12,2001,12,240508,122466,4876,68994,8397,2942,20002,5649,258,2568,2325,5482,227,21426,10098,6651,16095
2002/01,2002,1,167107,80962,2663,55641,5532,2039,14866,6166,509,1835,1027,5170,114,10710,5388,4928,12203
2002/02,2002,2,189040,103749,2184,58284,10155,2040,16930,4446,581,1908,902,5563,120,11322,5287,3997,9504
2002/03,2002,3,225839,115273,2853,70094,7905,3505,23903,5110,448,2567,1020,5601,183,22032,13438,5420,10167
2002/04,2002,4,229955,110102,3448,83512,6055,4617,32621,6049,450,3725,963,8727,200,17169,8239,5224,10500
2002/05,2002,5,343331,172544,5247,114396,10590,7187,37239,7376,886,5672,2756,10749,319,24084,12093,7572,19488
2002/06,2002,6,449621,241338,7956,134023,14283,7973,40200,10479,1081,4686,3728,11711,349,31958,16368,11435,22911
2002/07,2002,7,645120,346028,9967,173792,19936,7249,52183,13040,1442,6131,2503,14790,421,69882,39373,19356,26095
2002/08,2002,8,551494,296244,8976,162931,14705,7902,58760,13063,1239,4084,2235,12898,358,46512,22907,13351,23480
2002/09,2002,9,462563,255616,6028,143721,10521,5763,69209,11247,801,3864,1762,9953,298,26124,13889,8594,22480
2002/10,2002,10,309514,148457,4444,119309,8246,4225,59283,8469,653,2534,1441,10524,262,19152,9201,6143,12009
2002/11,2002,11,185278,86552,3073,68482,6383,3253,24015,7155,458,2240,1671,6069,198,13412,6048,4275,9484
2002/12,2002,12,259226,128362,5415,73429,8487,2976,23337,6692,491,1877,3201,4850,195,26063,12866,6678,19279
2003/01,2003,1,186463,89381,2962,59403,7682,2611,16417,6417,383,1683,1205,5200,116,13776,7363,4687,16254
2003/02,2003,2,191165,107878,2253,54442,5994,3327,18303,5096,295,1427,772,3522,215,12900,6589,3699,9993
2003/03,2003,3,196844,100512,3211,64288,5392,3495,25863,4773,454,1956,825,4120,229,15169,6831,4482,9182
2003/04,2003,4,203535,110683,3195,53024,4176,4237,18486,4865,384,2651,383,2483,165,22940,13797,3863,9830
2003/05,2003,5,243193,143255,4484,52417,4372,6272,14393,2995,628,2984,918,1449,165,18483,9074,5086,19468
2003/06,2003,6,361499,211223,7918,80387,7855,7808,17054,5320,972,3335,2147,4668,268,29800,15133,9041,23130
2003/07,2003,7,485246,276998,9283,114638,14145,7614,22718,8676,1295,3915,2320,9259,361,51592,29591,11389,21346
2003/08,2003,8,465126,264055,8858,123053,13852,7930,29980,11152,1229,4807,2064,10245,400,39273,19320,8549,21338
2003/09,2003,9,392136,222896,6257,106609,9393,5829,37705,8647,1047,3888,1709,9150,345,25612,12961,8345,22417
2003/10,2003,10,267669,137396,3964,92284,6879,4155,36976,6895,599,2565,1275,9944,263,17155,7391,6368,10502
2003/11,2003,11,161355,76793,2978,55330,5300,3273,16715,6062,355,1809,1242,5285,189,12904,5059,5137,8213
2003/12,2003,12,238820,118722,5123,66925,8921,2941,19276,6629,404,2243,2621,3948,219,23403,10952,7368,17279
2004/1,2004,1,171725,79137,2919,57064,8201,2509,13977,5803,441,1747,781,5620,120,11896,6182,5869,14840
2004/2,2004,2,188584,102922,2266,54791,5645,2614,19909,4987,349,1497,653,4792,150,13328,6270,5201,10076
2004/3,2004,3,200622,101320,3294,65431,7012,3339,22161,5797,408,1925,879,5743,143,15548,7880,5969,9060
2004/4,2004,4,243405,118451,3494,78149,6776,5048,24725,6235,553,3620,1489,8439,206,25436,14483,6503,11372
2004/5,2004,5,379425,193473,6452,118734,10425,9014,39289,7857,1064,5774,3079,12987,249,26081,13132,8656,26029
2004/6,2004,6,486164,258421,8647,144422,14177,9458,46400,10029,1406,3757,3869,13782,333,35242,18342,11653,27779
2004/7,2004,7,639730,358706,10007,162466,17291,8996,49612,12200,1758,3125,2354,13727,397,65913,40173,15555,27083
2004/8,2004,8,582887,327116,9584,157279,16047,9747,50909,14221,1320,4010,2479,11049,394,47920,24657,12358,28630
2004/9,2004,9,515146,280139,7794,157548,12814,7498,66169,12082,1285,4450,2456,10104,343,31045,16402,10607,28013
2004/10,2004,10,373405,184529,4946,140493,9571,5522,61113,11306,810,3139,1615,13628,224,21708,10824,8421,13308
2004/11,2004,11,176606,80882,2991,64685,5440,3595,22047,7858,590,2306,1428,4957,144,13495,5781,5055,9498
2004/12,2004,12,260853,128315,5696,71291,7588,3672,20849,6465,585,2827,2839,3783,208,26613,13143,9392,19546
2005/1,2005,1,189425,91192,3086,58175,5090,3275,16796,6336,369,1865,889,4068,144,12818,6961,7449,16705
2005/2,2005,2,209767,113924,2435,63875,8494,3026,21879,5273,503,2018,1008,5707,159,12877,6466,5708,10948
2005/3,2005,3,244978,121695,3597,76860,7727,4079,27781,5732,554,2761,1321,6249,205,25279,15611,7108,10439
2005/4,2005,4,252617,120268,4183,87463,6081,5316,29700,7253,696,4017,1544,7448,196,20423,10622,7628,12652
2005/5,2005,5,397682,202567,6317,119945,10978,9887,39288,8789,1411,5728,3376,9616,236,26995,14923,10355,31503
2005/6,2005,6,536447,284080,9292,153448,14857,11902,44910,13624,1990,4451,4465,10488,705,40686,22302,14957,33984
2005/7,2005,7,691276,382065,10885,174537,18008,10536,45866,14949,2173,4502,2611,14659,452,71054,42917,19749,32986
2005/8,2005,8,604276,346253,9313,158486,12107,10033,52851,14422,1739,3729,1917,9807,490,46233,23211,15326,28665
2005/9,2005,9,543956,305407,8417,150605,10144,8706,60617,13417,1745,5258,2496,10749,400,32929,17797,15112,31486
2005/10,2005,10,345752,173096,4539,123912,7046,5749,53862,12165,739,3786,1550,11414,274,20977,10594,10097,13131
2005/11,2005,11,198821,89224,3826,73987,5091,4805,25461,9774,668,2817,1403,5414,184,15563,7635,6392,9829
2005/12,2005,12,290097,143160,6035,80030,8144,4723,22772,8579,667,3144,3160,5016,237,28893,15305,11354,20625
2006/1,2006,1,204312,94958,3917,65671,7109,4529,17717,6909,748,2361,916,5413,161,16480,9548,8342,14944
2006/2,2006,2,205730,108684,2792,62823,5668,3960,21303,6097,624,2685,776,4469,166,14734,7850,6906,9791
2006/3,2006,3,235326,115088,3877,78659,5608,5023,27819,7233,808,3605,1319,6138,257,19459,10730,7969,10274
2006/4,2006,4,278273,135099,4169,86684,7701,6596,25269,8952,1178,4456,1576,6645,201,30959,19238,8342,13020
2006/5,2006,5,413852,210679,6480,123870,10143,11514,37257,12417,1421,5844,3367,8369,353,28211,15712,12147,32465
2006/6,2006,6,528894,270382,11767,155268,13185,11484,43643,15220,1962,5143,3890,12424,550,41556,23341,15817,34104
2006/7,2006,7,668096,358464,11292,178547,19018,10229,44227,20157,2428,5006,2480,14039,668,69797,42981,20070,29926
2006/8,2006,8,611602,338787,14423,160541,13005,11045,47938,17814,2126,5272,1990,9811,522,52318,26260,15981,29552
2006/9,2006,9,533936,299134,8974,145140,9749,8592,51074,19065,1534,5278,2041,9498,429,34627,18895,15385,30676
2006/10,2006,10,339283,168448,5064,117718,7239,6342,47095,13799,1020,4164,1547,8527,281,23453,12676,11237,13363
2006/11,2006,11,197165,88387,4017,71015,5123,5551,20143,10345,902,3108,1473,4108,215,16985,8607,7052,9709
2006/12,2006,12,301066,146617,6438,81656,8318,5089,17642,9845,855,3562,2971,5476,202,32776,18106,12574,21005
2007/1,2007,1,207038,99336,3731,61733,4637,4590,14216,8042,729,2470,995,3663,172,17857,11117,8483,15898
2007/2,2007,2,221291,117101,2849,66641,8438,4446,18928,7363,881,2950,976,4529,144,17174,10000,7020,10506
2007/3,2007,3,257050,126668,4403,80500,6072,6002,25335,7520,1017,4553,1235,5553,299,25833,16380,8821,10825
2007/4,2007,4,275418,132240,5011,84299,6329,8248,23038,9352,1085,4975,1385,6020,296,29820,18439,9323,14725
2007/5,2007,5,418315,211143,7120,117723,9382,13975,29251,13142,1730,6292,2862,7618,406,32817,18840,12715,36797
2007/6,2007,6,559837,292073,11896,151309,13547,16076,33519,16215,2417,6306,4121,10277,655,48621,28909,18548,37390
2007/7,2007,7,694983,371855,13472,180451,20704,12770,37576,21646,2250,6631,2666,12265,630,75863,47323,21877,31465
2007/8,2007,8,625496,349956,11893,158483,14512,11543,40442,19045,2011,5436,2383,9506,520,56696,30965,17149,31319
2007/9,2007,9,547830,304609,8989,145268,10752,9779,47840,18900,1466,6223,2145,9197,495,39018,22091,16803,33143
2007/10,2007,10,344975,175973,5568,110526,6961,6584,39316,13656,1089,4928,1538,7109,350,25122,14282,11914,15872
2007/11,2007,11,211343,96355,4629,69980,5276,5705,18078,10496,955,4150,1477,2856,249,20231,11325,7864,12284
2007/12,2007,12,315336,152952,7095,80871,8948,5436,15912,10376,703,3855,3024,3931,341,36148,20962,12210,26060
2008/1,2008,1,218390,102016,3976,61737,6160,4505,11324,9247,864,3290,977,3477,159,21308,13717,9316,20037
2008/2,2008,2,229174,121553,3461,65116,9243,4619,15562,8917,827,3046,864,2996,230,19749,12079,7472,11823
2008/3,2008,3,257894,127952,4445,72271,7540,6149,20344,8404,809,3840,1088,3151,216,33473,22195,8756,10997
2008/4,2008,4,277747,138901,4726,79102,5948,7978,16704,10182,974,5756,1254,4312,334,28661,16589,10514,15843
2008/5,2008,5,456001,233748,7848,124166,10942,16269,25209,14727,1517,7631,3709,7176,463,36784,21658,13601,39854
2008/6,2008,6,574575,298735,12183,153854,15938,17189,29427,16996,2043,6124,4092,10771,750,50870,31150,18988,39945
2008/7,2008,7,715258,382551,13588,179295,22714,14670,33675,23968,2188,5686,2829,9670,679,82196,52693,22341,35287
2008/8,2008,8,652758,373762,12271,153473,16692,12866,36148,18972,1777,5347,2325,6559,740,57408,32339,18540,37304
2008/9,2008,9,552633,310405,9313,138076,13083,11355,40034,19408,1490,6709,2325,5610,741,39461,24027,18112,37266
2008/10,2008,10,339364,170007,7529,104709,9165,7673,34087,13757,1234,5586,1641,4818,442,27144,15492,13356,16619
2008/11,2008,11,194528,90178,4728,59418,5755,5966,11039,10296,829,4793,1478,2233,326,19393,10133,8494,12317
2008/12,2008,12,296142,142262,7340,74124,9227,5736,13645,10949,780,4476,2975,2682,392,34451,18756,14059,23906
2009/1,2009,1,213996,98191,4468,61127,8311,5561,8455,11424,935,3376,1082,3091,240,20702,13284,11080,18428
2009/2,2009,2,207400,110603,3493,54778,5444,5133,11796,9468,714,4300,861,2027,239,19050,10967,7639,11837
2009/3,2009,3,215419,101499,4203,68448,6553,6344,15596,9875,1051,4715,1200,3436,424,22691,13823,8104,10474
2009/4,2009,4,280774,140612,4654,76236,8371,8752,14400,11497,1076,5869,1266,3433,353,36051,21541,8915,14306
2009/5,2009,5,371096,196618,7576,94373,9959,14692,12965,13606,1582,8108,2462,5116,400,29017,14884,11710,31802
2009/6,2009,6,481684,264851,11042,116229,12889,14896,14879,15513,2191,6665,3405,5789,832,40903,23191,16089,32570
2009/7,2009,7,617925,343881,13137,147140,17159,13515,21749,19707,2394,7164,2686,7517,856,59582,31906,20849,33336
2009/8,2009,8,557280,334238,11729,129291,11788,12457,25752,21045,2283,5685,2079,6185,670,36008,14725,16539,29475
2009/9,2009,9,468480,269967,8692,120953,9512,10583,32463,20168,1749,5723,1932,5810,577,25245,10664,14647,28976
2009/10,2009,10,311148,172208,6496,87434,7359,7809,22957,14201,1495,4553,1266,4102,431,16796,5693,12243,15971
2009/11,2009,11,175033,84244,4522,55254,5444,5163,12176,9137,991,3036,1389,2250,272,12486,3852,6801,11726
2009/12,2009,12,269871,135356,6799,71524,8990,6674,12451,10551,1281,3480,2309,2852,391,22052,7476,13276,20864
2010/1,2010,1,199380,98846,4261,55866,5182,6555,8917,9865,952,2734,855,2555,304,13546,6384,11306,15555
2010/2,2010,2,220529,126548,3278,58888,7766,4840,13051,10322,918,2682,897,2847,188,12933,5276,7313,11569
2010/3,2010,3,239620,119121,4695,72736,7174,7291,16671,10257,1119,4004,1306,2939,249,20832,10129,9135,13101
2010/4,2010,4,267739,135333,5269,77258,7422,9802,14940,11539,1235,4598,1166,3403,489,23064,10073,10892,15923
2010/5,2010,5,400876,205210,8029,112739,11865,17881,18748,15657,1708,6284,3017,5316,460,24563,10348,13302,37033
2010/6,2010,6,535815,274576,13500,155144,15497,18923,27151,20979,2305,6415,4867,7683,925,34339,14304,19779,38477
2010/7,2010,7,665043,363904,13945,174469,18310,16113,28482,28998,2855,6617,2638,9092,874,50806,22039,25693,36226
2010/8,2010,8,622270,358813,11836,156800,12682,16723,32426,28655,2304,5786,2485,6632,792,37706,14767,20490,36625
2010/9,2010,9,508255,289858,9910,130179,9622,12235,32007,23268,1693,5856,2535,5378,938,25358,10303,18072,34878
2010/10,2010,10,329960,174464,6961,98700,8029,7787,27844,16914,1446,4390,1597,4349,499,18038,6229,14677,17120
2010/11,2010,11,183194,86790,4746,59059,6075,5848,10494,11123,874,3327,1425,1905,374,12711,4388,7596,12292
2010/12,2010,12,282953,132027,7382,78368,9742,8214,12309,12456,1272,3862,2847,2346,505,24179,9523,14880,26117
2011/1,2011,1,208365,95573,4683,63052,8172,6660,8007,13464,967,2546,1126,2604,356,14049,6541,12526,18482
2011/2,2011,2,194574,103389,3199,56970,6305,5476,12081,10811,836,2776,870,1966,309,12361,5474,7331,11324
2011/3,2011,3,213016,103003,4588,65007,6205,6994,11703,11012,1155,3894,1298,2743,365,18280,8670,10617,11521
2011/4,2011,4,288496,149011,5999,80377,8530,9801,13164,13069,1277,5430,1510,3053,401,26345,12967,10583,16181
2011/5,2011,5,410826,205151,7949,120131,11601,17410,17296,18931,1865,7183,4042,6365,637,24403,10920,14630,38562
2011/6,2011,6,544175,280653,12115,157526,16726,21573,19080,25668,2579,6472,5333,9079,987,34322,15534,19470,40089
2011/7,2011,7,683604,363201,13449,188379,21384,18213,26711,37413,3096,7216,3653,9777,1068,52696,23951,27443,38436
2011/8,2011,8,623090,346208,13298,167947,13784,17778,29992,36741,2877,6370,3056,6339,1056,39497,16573,20499,35641
2011/9,2011,9,529058,293334,10232,141110,10834,13347,31861,28875,2334,6586,2944,6996,686,28122,12293,19723,36537
2011/10,2011,10,332955,170666,7177,103553,7719,9161,25467,21835,1533,4839,1843,5037,603,18823,7318,15473,17263
2011/11,2011,11,191790,89378,5096,64203,5630,7343,10472,14178,1055,3720,1352,2266,368,14103,5582,7618,11392
2011/12,2011,12,302726,139141,8168,87214,9862,10653,12979,16891,1360,4217,3779,2276,482,25811,11108,16935,25457
2012/1,2012,1,218586,95996,4743,71405,8891,6983,9344,19345,967,2982,1157,3501,384,14613,7691,13246,18583
2012/2,2012,2,213986,111373,3823,60672,5281,6340,13764,11717,798,3583,974,1764,421,15426,7297,9951,12741
2012/3,2012,3,248695,120870,5414,77594,7797,8643,18069,13385,1074,4347,1758,2469,451,21271,11115,11034,12512
2012/4,2012,4,288357,143468,6441,83486,7797,12190,12757,16402,1259,5566,1555,3312,559,26705,12487,11537,16720
2012/5,2012,5,408027,196784,8416,124157,11295,21232,18052,23334,1725,7795,3671,4978,700,26017,12200,15513,37140
2012/6,2012,6,551890,273204,14014,165694,14842,21564,22706,32275,2130,7134,5853,7803,1318,35847,16298,21553,41578
2012/7,2012,7,678767,346750,14308,190888,19568,18350,27212,47214,1966,6758,3917,8653,1035,54589,26644,29157,43075
2012/8,2012,8,621291,331246,13384,173801,14043,18106,32417,43390,1748,5420,3228,5709,977,41353,17531,21922,39585
2012/9,2012,9,517814,277614,10323,139974,11141,14066,32858,31007,1617,6468,2724,5646,756,26492,12125,20339,43072
2012/10,2012,10,338885,165024,8301,113933,7553,8843,27880,25698,1260,5227,2269,5130,520,18862,7532,14248,18517
2012/11,2012,11,200482,92584,5371,65127,5657,6762,11249,14823,1001,4288,1818,2366,349,14648,5813,10646,12106
2012/12,2012,12,311983,139460,9064,93251,10051,10335,13717,19480,1466,5122,3856,2703,473,25659,10965,16843,27706
2013/1,2013,1,212958,92557,4706,66286,5716,6423,10274,16718,956,3428,1384,2220,284,15350,8335,13960,20099
2013/2,2013,2,220461,102377,3822,76372,9137,6159,14999,21068,971,3401,1330,2897,409,14197,6889,9978,13715
2013/3,2013,3,261250,122072,6001,83404,8176,8085,19410,15588,1448,5336,1677,2523,411,25109,13836,11697,12967
2013/4,2013,4,278085,133306,6911,86435,7306,11570,13042,19009,1556,6152,1907,3085,560,24349,11779,11285,15799
2013/5,2013,5,425377,199767,10093,135995,12211,19984,18802,29242,2172,8282,3849,6518,769,27489,12187,16219,35814
2013/6,2013,6,562198,267075,13946,178425,18120,22179,21107,39330,2676,7123,7019,9557,1402,38114,18395,22032,42606
2013/7,2013,7,685861,341419,13632,203923,21916,18587,26734,54960,2530,7390,4183,10490,1272,53517,25890,28518,44852
2013/8,2013,8,676748,344218,17270,204281,15181,19370,34263,59345,2759,6056,3878,7419,1185,43386,19051,23593,44000
2013/9,2013,9,534930,272978,12295,155918,11355,13787,31125,41461,1675,7224,3165,7881,837,28720,12724,21414,43605
2013/10,2013,10,341311,167576,8034,112266,8054,9081,24128,27221,1346,4876,2197,6158,829,19991,8050,13817,19627
2013/11,2013,11,208871,94349,6022,69699,6548,7891,10872,17236,1182,3486,1565,2769,432,15846,7310,9397,13558
2013/12,2013,12,323636,143926,8923,97040,9733,11293,13718,24136,1368,4647,3535,2519,677,27957,12410,17823,27967
2014/1,2014,1,235661,95594,5150,82196,8872,7019,10666,27103,966,3557,1226,2976,465,17028,9572,14162,21531
2014/2,2014,2,222831,103188,4519,75810,6379,7082,14552,22011,752,4079,1052,2591,479,15935,8049,9851,13528
2014/3,2014,3,242594,109941,5895,84597,6388,8818,19394,18775,1086,5265,1450,2636,523,20126,10396,10169,11866
2014/4,2014,4,324302,155360,7304,101547,8655,14088,15555,23185,1373,7232,1864,3131,517,30557,16173,12424,17110
2014/5,2014,5,468223,209416,10448,160918,13727,22780,22256,39654,1997,9052,5089,7370,808,30386,15077,16783,40272
2014/6,2014,6,619889,288711,14482,206030,19858,26376,24611,50146,2513,8751,7260,11165,1472,40992,20830,22368,47306
2014/7,2014,7,773455,368382,17810,255223,22097,26603,34520,74526,2317,8591,4056,11921,1303,59098,29618,27396,45546
2014/8,2014,8,765844,389327,17334,233895,15137,23255,38872,78044,2635,6856,3517,7363,1455,49866,23078,28582,46840
